19	1619111	1619111	1	164792494	164792494	translocation	1/0	ENSG00000071564	ENSG00000185630	ENST00000262965	ENST00000420696
11	118484975	118484975	9	20365744	20365744	translocation	1/1	ENSG00000118058	ENSG00000171843	ENST00000534358	ENST00000380338	
7	27895220	27895220	17	31940286	31940286	translocation	1/0	ENSG00000153814	ENSG00000178691	ENST00000283928	ENST00000322652
22	23289621	23289621	9	130854064	130854064	translocation	1/1	ENSG00000186716	ENSG00000097007	ENST00000305877	ENST00000318560
19	14518139	14518139	19	14107408	14107408	deletion	1/1	ENSG00000132002	ENSG00000072062	ENST00000254322	ENST00000308677
21	41508081	41508082	21	38445621	38445622	deletion	1/1	ENSG00000184012	ENSG00000157554	ENST00000332149	ENST00000442448
7	138861139	138861139	7	140787584	140787584	deletion	1/1	ENSG00000122778	ENSG00000157764	ENST00000440172	ENST00000646891
10	59906122	59906656	10	43116584	43116584	inversion	1/1	ENSG00000108091	ENSG00000165731	ENST00000263102	ENST00000355710
12	57092968	57092968	12	57108299	57108299	inversion	1/0	ENSG00000166886	ENSG00000166888	ENST00000300131	ENST00000300134	
16	88879270	88977204	16	4334801	4334801	inversion	1/1	ENSG00000129993	ENSG00000126603	ENST00000268679	ENST00000262366
2	42169350	42295516	2	29192774	29223528	inversion	1/0	ENSG00000143924	ENSG00000171094	ENST00000318522	ENST00000389048
22	29287134	29287134	11	128805366	128805366	translocation	1/1	ENSG00000182944	ENSG00000151702	ENST00000397938	ENST00000527786
15	74033414	74033414	17	40331397	40331397	translocation	1/0	ENSG00000140464	ENSG00000131759	ENST00000268058	ENST00000254066
18	26032399	26032399	X	48263782	48263782	translocation	1/1	ENSG00000141380	ENSG00000126752	ENST00000415083	ENST00000376919
21	34859474	34859474	8	92017363	92017363	translocation	1/0	ENSG00000159216	ENSG00000079102	ENST00000300305	ENST00000360348
17	50193943	50193943	22	39235874	39235874	translocation	1/1	ENSG00000108821	ENSG00000100311	ENST00000225964	ENST00000331163
19	18683828	18683828	11	96093517	96093517	translocation	1/0	ENSG00000105662	ENSG00000184384	ENST00000321949	ENST00000524717	
